Surya prashanth,surya.prashanth121@gmail.com,,2024-06-27 17:31
Madhan Kumar,madhan.mn143@gmail.com,,2024-06-29 07:38
Blaise Antony,blaiseantony2001@gmail.com,,2024-07-27 14:38
Sivanesan S,rkvs.sivanesan@gmail.com,,2024-08-03 03:34
Harisha,harishag3306@gmail.com,,2024-08-10 14:25
Harish,hari.jackie@gmail.com,,2024-08-23 15:48
Ilango,ilangoshree@gmail.com,,2024-08-23 22:54
Mishal,mishaljose61@gmail.com,,2024-10-02 20:04
Loga Iyappan,logaiyappan89@gmail.com,,2024-10-08 22:41
karups karuppu,vidathukaruppu@gmail.com,,2024-10-20 17:18
VENKATESH KS,venkateshks7@gmail.com,,2024-12-23 02:50