location,mobile
"Udumelpet",6383234994
"No",9677333731
"S",9843267234
"Instagram",9600141933
"Benhaluru",7899535709
"Millioner",9790127018
"சேலம்",7010926418
"It",8843215865
"ethirajulu grandhi",9030043999
"UK",8122335189
"Kgf",9886711149
"PIDARITHANGAL",9789427435
"South tammilnadu",9360033699
"Learning",9894594227
"Er0de",9443214155
"Erodw",9894915272
"Indore",8435940542
"Netherlands",1683782223
"Kollegal",9448166839
"Ammaiyar kuppam",8682035908
"Thuvrankuchi",8220177010
"Thani",9751989770
"No",7339206434
"India",9941653347
"Chenbai",9524821392
"Guduvancheery",9094756545
"Dinesh Kumar",9551778445
"Coimabtore",9942451206
"Tr",9566366892
"Jolarpettai",9944224653
"Chnnai",9740422300
"Svrv",9751738888
"Tada",9965508821
"Yes",9937393737
"nigeria",9940825662
"Panapakkam",6385611081
"Stock",9751181508
"Muthukumar k",9442375127
"Virudhachalam",6383217380
"Trading knowledge",9500841947
"Kolkata",9994405568
"Srivilliputhur",7200418687
"UAE",9965050990
"Im new person",9095559877
"Diploma electric c. Licence holder",8939254613
"S",9894448757
"Kanya kumari",8754531110
"Currently in south Korea",9629058093
"Kamuthi 623603",9442757436
"Housewife",8056941064
"India",6380384172
"Thirumullaivoyal",9940632513
".",7904841038
"W pudhupatti",8110047683
"M",8124204903
"Porur",9842446676
"Coimbotore",8056932632
"Hii",9080100095
"Thanjore",9940757690
"11, Kamarajar Street 
Cooperative Nagar 
Thiruverkadu",9444827171
"Arrakonam",8610693872
"Nazareth",9788240400
"Melvisharam",8248327392
"Arni",9487637173
"Maduranthakam",9943901409
"Kay",7708186749
"Anna nagar",8056640854
"Erodr",9894759473
"Chithote",9943201123
"India",9597082860
"Kattankolathur",9094672175
"India",9739333924
"4/54Middle Street devalapuram Village Ambur taluk Tirupatur Distric  Pincode:635802",9363326195
"Siranandha Puram",8754859422
"Salwm",9944449966
"V. Kpudur Taluk",9360760992
"Rajahmundry",9133933377
"AVINASHI",9626979726
"Insta",7200419933
"I want to attend the class",9626619404
"CHENGALPAT",8122512745
"Professional",9566009196
"Kovilatti",9442054837
"Yes",9677227516
"RODE",9840169325
"Job",8862849383
"my existing mf portfolio wants refine and put it into a better mf funds",9789306528
"From the beginning",8838412007
"Marthandam",9715882380
"Tamil",9176088666
".fb",9663566605
"Tiruvellore",7094443749
"I am from kojchi",9600234004
"Kaniyakumari",9994941072
"Nanganallur",9445798806
"Ulundurpet",7667333423
"India",9789820510
"Murali Kumar",9843668659
"-",9487713122
"M",9380028009
"India",8870944822
"Solapur",9890710728
"IT",9912012877
"India, accounting background",9944771695
"Yes",7898999233